GOOGL,AAPL,YHOO527.767768,75.832042,37.009998527.157172,77.90795,36.560001529.619636,77.726362,38.130001529.199226,78.12531,38.869999535.470466,77.041265,38.860001539.609626,77.923084,38.869999542.872871,77.802021,40.220001539.184211,77.225607,39.16535.51551,77.112802,39.349998530.92591,76.272258,39.73537.027045,76.694598,39.73535.465461,76.349298,39.509998542.917915,75.768756,40.040001543.653632,74.900697,40.200001550.860847,75.52801,40.119999558.1081,78.426587,40.77556.476509,78.093666,40.849998559.289314,77.575037,40.650002559.759773,77.050897,40.490002555.285285,76.284638,40.200001560.915901,77.178837,40.439999557.117134,76.093418,39.59553.053047,74.421961,40.119999559.219245,74.827786,39.93570.000007,74.292647,40.919998571.186226,74.763132,41.02565.685676,73.808402,40.919998565.655647,73.315905,41.23562.05207,73.699725,39.990002575.275276,75.166209,41.139999574.884895,76.675334,41.07578.688667,76.247499,40.34575.840828,74.379312,40.009998582.432442,75.534887,39.52583.093086,75.870555,40.18580.630623,76.513003,39.389999562.477485,75.122186,37.91551.166206,75.731617,36.650002562.067085,69.678584,38.220001554.014045,68.887566,34.889999568.263252,68.754123,35.310001591.076057,68.866928,36.009998567.282295,68.994868,34.900002569.649666,69.993622,35.66572.172188,70.516381,35.490002580.560554,70.927404,36.240002589.309334,71.919675,37.23587.052071,73.208108,37.759998595.685677,74.1727,38.5593.938972,74.167165,38.110001600.550545,75.344882,38.52602.002022,75.283995,38.23606.046028,75.560779,38.310001601.771797,74.367836,37.810001602.657662,73.507035,37.790001602.497505,72.690521,37.290001606.861885,73.008826,37.419998610.610604,72.249052,37.259998610.695687,71.597223,37.619999610.215218,73.025434,38.470001608.433418,72.827527,38.669998601.946968,73.037888,38.25608.063057,73.519489,39.630001609.739754,73.674492,39.5610.415413,73.451677,39.66608.002999,73.40878,38.700001606.391426,73.475202,38.049999600.595589,74.19069,37.560001604.25428,74.262655,37.5595.12513,73.437841,37.23586.987007,72.613019,37.599998596.646675,72.896728,39.110001606.236275,73.541632,39.450001600.225227,73.52226,38.610001599.179207,73.167976,37.77592.112129,73.745068,37.939999579.544563,74.619712,36.68579.939949,75.422383,35.93566.551582,74.70136,35.450001557.6977,74.38029,35.59560.635627,74.297252,35.900002557.812812,74.280645,35.900002568.013008,74.960154,36.490002568.11811,75.084706,36.639999571.5,74.564354,35.759998545.25,73.599762,34.259998540.630005,72.444181,33.07557.51001,72.440034,33.830002567.039978,73.392172,34.869999546.690002,72.44557,33.400002537.76001,71.909993,32.869999545.200012,72.196458,33.450001548.700012,71.681642,34.209999563.900024,71.826956,36.349998543.340027,72.647624,36.380001539.369995,73.509807,36.400002545.5,73.583154,36.139999537.51001,72.621327,35.439999534.440002,78.57496,35.240002523.099976,79.152052,34.48522.97998,82.217446,33.990002536.330017,81.97387,35.830002534.880005,81.663872,35.950001538.530029,81.856243,36.509998533.869995,82.008474,36.869999535.330017,83.168195,36.91522.570007,82.261732,36.490002518,81.97387,34.07520.169983,81.827751,33.919998526.619995,81.486798,33.759998538.429993,82.501311,34.450001541.539978,82.630736,34.400002534.409973,82.646039,34.169998529.119995,81.943255,33.799999528.299988,83.152604,33.41538.830017,84.137894,33.889999540.390015,84.154595,33.869999549.700012,84.377257,34.360001555.450012,84.510851,34.700001563.799988,85.465527,35.02574.869995,87.06593,35.119999570.450012,86.840481,34.779999570.559998,88.422787,34.900002571.650024,88.091577,34.650002564.340027,87.486208,34.869999554.51001,88.723383,34.650002553.76001,89.736507,34.73564.929993,90.088594,34.939999566.030029,89.840885,35.919998570.72998,91.278455,36.040001568.299988,91.814244,36.310001567.5,91.434324,36.630001559.5,89.904899,36.779999560.349976,88.920999,36.939999552.299988,89.817221,34.810001550.619995,89.700327,34.43560.659973,89.797741,34.939999564.98999,89.486011,34.68566.52002,88.560565,34.049999574.289978,88.482631,33.639999572.539978,87.946842,33.48585.929993,88.024776,33.25584.77002,88.550822,33.66585.690002,89.602913,34.25584.669983,90.528358,35.130001591.48999,91.103107,35.349998590.780029,91.064147,35.880001593.080017,91.599929,36.139999590.76001,93.489795,35.52578.400024,92.885815,34.529999583.359985,92.924782,34.849998580.039978,92.583829,34.93586.650024,92.759177,35.43594.26001,93.957386,35.700001593.059998,92.856591,35.610001590.619995,92.330546,33.790001580.820007,90.684219,33.209999605.109985,91.989593,33.330002598.440002,91.512258,33.279999603.570007,92.272099,33.599998605.190002,94.678267,34.709999603.01001,94.522398,36.169998598.080017,95.145858,36.119999599.02002,96.460967,35.900002593.950012,95.837508,35.68595.440002,95.613456,36.599998579.549988,93.129354,35.810001573.599976,93.645656,35.619999582.27002,93.11961,36.529999573.140015,92.661763,35.700001574.48999,92.505895,35.790001571.809998,92.496107,35.66577.940002,92.750642,35.91577.25,93.974394,35.790001572.119995,93.954817,35.52584.559998,95.198146,36.189999584.650024,95.452689,36.360001583.710022,95.922613,36.470001592.700012,97.077836,37.380001597.109985,98.419064,37.830002595.409973,98.458225,37.5592.419983,98.468017,37.639999592.539978,99.192476,38.009998590.570007,99.407858,37.709999588.119995,98.771505,37.790001583,99.985465,38.18580.320007,100.102948,38.310001582.359985,100.347699,38.509998588.630005,101.130903,39.27589.52002,96.862454,38.869999593.140015,96.059673,39.189999597.780029,96.891823,39.59601.630005,96.294631,41.810001591.969971,95.932398,40.779999593.419983,98.879196,41.139999591.109985,99.300167,41.259998584.900024,99.525341,42.880001581.640015,99.495964,42.549999588.780029,98.742136,42.709999593.289978,99.447019,42.59597.27002,99.652608,42.09605.400024,98.840035,40.93597.27002,98.937934,38.650002591.179993,100.484758,39.049999598.419983,99.613447,39.880001585.25,95.814922,38.950001587.900024,98.634445,40.66587.809998,98.007885,40.52588.409973,98.634445,40.75579.630005,97.097413,40.32580.880005,97.802295,40.5586.25,97.528176,41.029999587.780029,97.528176,41.52574.099976,96.676442,40.93583.73999,98.683398,41.080002570.809998,98.898773,41.099998555.190002,98.614869,39.599998544.75,97.714181,38.380001548.690002,96.676442,37.970001540.72998,95.49185,37.82536.919983,94.238729,38.119999522.969971,95.619118,38.450001532.380005,97.665236,39.279999538.030029,100.31833,40.18542.690002,100.827408,42553.650024,102.628775,42.599998548.900024,103.010585,43.5549.880005,102.902894,44.700001558.940002,104.498665,45.869999558.450012,105.086065,45.43560.27002,104.733631,45.630001567.869995,105.732209,46.049999563.77002,107.102814,46.34564.190002,106.319609,47.080002555.950012,106.574152,47.459999551.690002,106.878957,47.93551.820007,107.183769,48.549999558.22998,107.006784,49.41561.289978,107.862204,49.049999558.25,109.38624,50.599998556.440002,110.929938,50.5555.190002,112.267154,51.75546.640015,112.080335,52.369999544.51001,113.535544,51.75547.200012,112.748943,50.580002543.76001,114.361468,51.25545.890015,114.518791,51.040001547.47998,116.642601,51.830002549.22998,115.629858,51.720001547.72998,117.006405,51.93549.080017,116.937578,51.740002539.650024,113.142244,50.099998538.590027,112.709613,50.669998536.969971,113.987837,50.279999542.580017,113.555206,50.41528.080017,113.073417,50.990002530.72998,110.516976,49.619999536.109985,112.208162,50.509998528.039978,110.07451,49.209999532.109985,109.750044,49.939999521.51001,107.891708,50.240002515.840027,106.416837,49.82498.160004,104.961628,48.849998506.450012,107.577069,50.119999514.619995,110.762787,50.91520.039978,109.90736,50.880001532.299988,111.04793,51.150002538.77002,110.65463,50.02536.929993,110.13351,50.650002541.52002,112.080335,50.860001537.309998,112.001681,50.529999535.280029,110.634961,51.220001530.659973,108.530812,50.509998529.549988,107.498407,50.169998519.460022,104.470005,49.130001506.640015,104.479839,49.209999505.149994,105.944875,48.59506.910004,110.015518,50.23500.720001,110.13351,49.720001497.059998,107.419746,48.799999501.799988,108.373497,48.299999505.929993,107.960535,47.509998504.01001,105.030455,46.23510.459991,104.214358,46.470001509.940002,106.898626,47.630001520.390015,107.714723,48.18537.299988,110.516976,48.889999541.950012,111.087261,48.950001536.719971,111.205246,49.439999521.190002,107.311588,47.990002512.429993,113.378221,46.459999513.22998,116.908082,43.73537.549988,115.197234,43.990002532.200012,116.642601,44.689999533.299988,116.66227,44.700001526.099976,117.557021,44.049999529.830017,118.39608,43.549999533.880005,117.399079,42.939999529.280029,118.178911,42.57540.159973,120.449299,43.07538,123.272485,42.959999546.01001,124.832148,43.93551.159973,125.44417,44.419998545.01001,126.184516,43.529999542.650024,127.063058,43.650002546.450012,126.79653,44.369999541.799988,127.833017,44.110001535,131.287963,43.529999538.650024,130.468645,43.380001547.330017,127.13215,44.43559.289978,128.741172,44.450001562.630005,126.806411,44.279999575.02002,127.428291,44.110001578.789978,127.694819,42.619999578.330017,126.885368,43.990002581.429993,124.782796,44.16572.900024,124.970345,43.439999574.099976,125.503395,42.98559.849976,122.907252,42.68555.690002,120.666469,42.5561.169983,122.84802,42.950001553,121.999089,42.869999561.640015,123.341583,43.509998557.609985,125.404684,43.790001566.159973,126.816277,44.669998563.669983,125.858762,44.98564.950012,124.279359,45.040001565.369995,125.572494,44.720001577.539978,125.059191,44.419998567,121.791793,44.200001563.640015,122.640724,44.470001557.549988,121.66347,45.099998561.140015,124.74331,44.950001554.700012,122.82828,44.439999549.48999,122.650597,44.130001541.309998,123.706823,44.150002543.950012,125.710691,43.669998544.859985,124.387944,43.610001548.840027,123.983218,45.169998548.02002,124.930859,45.630001548.539978,125.463909,45.18548.640015,125.217127,44.77539.780029,124.674212,45.529999541.039978,125.148029,45.73543.52002,124.54588,45.779999532.73999,123.144161,44.450001544.530029,125.957473,44.66542.919983,125.27636,44.490002549.179993,126.96434,43.98557.460022,128.000827,43.700001573.659973,128.602975,44.52566.119995,130.942462,44.360001564.369995,128.87937,44.34561.390015,126.984086,43.279999548.77002,123.539013,42.57551.159973,127.290094,42.509998552.840027,127.043312,42.040001543.039978,124.180648,41.299999535.080017,123.400816,41.66542.039978,124.164086,43.869999548.950012,126.503439,44.09545.780029,125.21481,43.599998538.72998,124.76875,43.84539.48999,124.907525,44.400002549.200012,127.821797,44.950001546.48999,127.643379,44.75546.669983,129.050954,44.360001549.280029,128.932008,40.98552.51001,128.922086,42.790001556.809998,130.240452,43.68554.52002,131.380384,43.490002547.190002,128.485933,42.849998554.25,130.884759,43.380001554.179993,130.627039,43.07545.320007,129.140162,42.939999549.210022,129.397882,43.349998553.950012,128.82297,43.150002555.289978,128.981559,43.209999551.690002,128.228213,42.880001549.530029,127.524419,42.810001543.47998,126.681865,42.009998542.159973,126.305184,41.630001552.599976,127.752417,42.060001550.039978,127.464946,40.939999547.469971,126.057372,40.529999543,125.809559,40.470001544.869995,126.48361,40.639999546.599976,126.186239,40.959999556.179993,126.761159,40.91557.52002,125.492359,40.509998559.679993,126.493524,40.73563.390015,125.918597,40.650002558.570007,126.98915,40.939999557.950012,126.384486,41.07553.059998,125.641048,40.060001541.25,123.44047,38.91540.039978,124.332597,39.290001543.299988,125.492359,39.330002547.340027,125.333763,39.380001545.619995,124.89761,38.610001550.030029,124.590325,38.23541.700012,121.497619,37.23544.650024,119.019492,37.610001556.109985,122.201406,37.919998571.72998,124.560588,38.759998584.179993,124.511023,38.630001583.960022,125.710435,38.380001601.780029,127.385644,38.91699.619995,128.485933,39.68692.840027,130.91451,39.540001695.349976,129.606052,39.73695.099976,124.124435,39.240002674.72998,124.064963,39.209999654.77002,123.410734,38.849998658.27002,121.695866,37.84659.659973,122.30053,37.720001661.429993,121.913943,37.669998664.559998,121.299372,37.419998657.5,120.238734,36.669998664.719971,117.403756,36.689999661.280029,113.636999,37.119999673.289978,114.390352,37.25670.150024,114.639282,36.459999664.390015,115.027619,36.669998663.140015,119.209722,37.150002690.299988,113.006273,36.029999691.469971,114.748814,34.490002686.51001,114.659201,35.93689.369995,115.465746,36.240002694.109985,116.660636,36.099998688.72998,116.003446,35.689999694.039978,114.519799,35.189999679.47998,112.169857,34.099998644.030029,105.309225,32.93618.109985,102.680478,31.309999612.469971,103.29783,31.74659.73999,109.222474,32.52667.960022,112.438703,33.689999659.690002,112.807129,33.139999647.820007,112.279389,32.240002629.559998,107.26087,31.6644.909973,111.861173,31.77637.049988,109.899576,32.540001628.960022,108.804259,31.58643.880005,111.831302,30.9643.409973,109.680513,31.52651.080017,112.090196,31.15655.299988,113.723205,31.43652.469971,114.818515,30.32665.070007,115.784382,31.040001665.52002,115.913833,31.4671.669983,113.434441,30.93660.919983,112.966443,30.74666.97998,114.718943,31.17653.200012,112.91666,30.4653.289978,113.832737,29.74654.909973,114.509839,29.34640.150024,114.221074,29.129999624.25,111.960753,27.6622.609985,108.595155,28.26638.369995,109.829875,28.91642,109.112942,28.91656.98999,109.909528,30.709999671.679993,110.307825,30.85671.640015,110.835564,30.959999670,110.307825,31.870001667,109.033282,32.369999671.23999,111.642117,32.52676.429993,111.124329,32.860001683.169983,111.313522,32.34680.409973,109.740254,32.09693.02002,111.383223,33.48695.320007,110.566719,33.369999699.950012,111.25378,33.5680,113.285078,32.830002671.799988,113.275126,31.120001681.140015,115.007708,31.67719.330017,118.572451,33.169998731.119995,114.788644,33.400002732.820007,114.06176,34.299999736.919983,118.761636,35.189999744.849976,120.016268,35.049999737.390015,118.990659,35.619999747.73999,120.663499,35.27748.820007,122.047573,34.720001755.309998,121.480003,35.07760.669983,120.919998,35.119999761.599976,121.059998,34.200001754.77002,120.57,33.68758.26001,116.769997,33.990002765.25,116.110001,33.380001756.530029,115.720001,33.23740.070007,112.339996,32.189999750.419983,114.18,32.950001745.97998,113.690002,32.860001760.01001,117.290001,32.98759.940002,118.779999,32.630001777,119.300003,33.110001776.700012,117.75,33.360001769.630005,118.879997,32.959999769.26001,118.029999,33.16771.969971,117.809998,32.939999762.849976,118.300003,33.810001783.789978,117.339996,33.709999